[{"model": "contenttypes.contenttype", "pk": 1, "fields": {"app_label": "admin", "model": "logentry"}}, {"model": "contenttypes.contenttype", "pk": 2, "fields": {"app_label": "auth", "model": "permission"}}, {"model": "contenttypes.contenttype", "pk": 3, "fields": {"app_label": "auth", "model": "group"}}, {"model": "contenttypes.contenttype", "pk": 4, "fields": {"app_label": "auth", "model": "user"}}, {"model": "contenttypes.contenttype", "pk": 5, "fields": {"app_label": "contenttypes", "model": "contenttype"}}, {"model": "contenttypes.contenttype", "pk": 6, "fields": {"app_label": "sessions", "model": "session"}}, {"model": "contenttypes.contenttype", "pk": 7, "fields": {"app_label": "todos", "model": "todo"}}, {"model": "contenttypes.contenttype", "pk": 8, "fields": {"app_label": "authtoken", "model": "token"}}, {"model": "contenttypes.contenttype", "pk": 9, "fields": {"app_label": "django_cron", "model": "cronjoblog"}}, {"model": "sessions.session", "pk": "7uhvkh804u4k2ectkf91snok0rqe0ymr", "fields": {"session_data": "OWQ1YzJiNjgwMGJhZWE1MDYzODU4ZjMwZDZmMmNmZDI3N2U3MDFhZTp7Il9hdXRoX3VzZXJfaWQiOiIxIiwiX2F1dGhfdXNlcl9iYWNrZW5kIjoiZGphbmdvLmNvbnRyaWIuYXV0aC5iYWNrZW5kcy5Nb2RlbEJhY2tlbmQiLCJfYXV0aF91c2VyX2hhc2giOiI0YTM0ZjgwOTM5Y2RjYzVmMjNjZjIzZmU4MTZmZGU2MzE4MWFjM2RkIn0=", "expire_date": "2020-01-20T10:47:37.849Z"}}, {"model": "sessions.session", "pk": "ysx67ca3p54id6ium54raflqjey71v0m", "fields": {"session_data": "OWQ1YzJiNjgwMGJhZWE1MDYzODU4ZjMwZDZmMmNmZDI3N2U3MDFhZTp7Il9hdXRoX3VzZXJfaWQiOiIxIiwiX2F1dGhfdXNlcl9iYWNrZW5kIjoiZGphbmdvLmNvbnRyaWIuYXV0aC5iYWNrZW5kcy5Nb2RlbEJhY2tlbmQiLCJfYXV0aF91c2VyX2hhc2giOiI0YTM0ZjgwOTM5Y2RjYzVmMjNjZjIzZmU4MTZmZGU2MzE4MWFjM2RkIn0=", "expire_date": "2020-01-30T06:30:38.900Z"}}, {"model": "auth.permission", "pk": 1, "fields": {"name": "Can add log entry", "content_type": 1, "codename": "add_logentry"}}, {"model": "auth.permission", "pk": 2, "fields": {"name": "Can change log entry", "content_type": 1, "codename": "change_logentry"}}, {"model": "auth.permission", "pk": 3, "fields": {"name": "Can delete log entry", "content_type": 1, "codename": "delete_logentry"}}, {"model": "auth.permission", "pk": 4, "fields": {"name": "Can view log entry", "content_type": 1, "codename": "view_logentry"}}, {"model": "auth.permission", "pk": 5, "fields": {"name": "Can add permission", "content_type": 2, "codename": "add_permission"}}, {"model": "auth.permission", "pk": 6, "fields": {"name": "Can change permission", "content_type": 2, "codename": "change_permission"}}, {"model": "auth.permission", "pk": 7, "fields": {"name": "Can delete permission", "content_type": 2, "codename": "delete_permission"}}, {"model": "auth.permission", "pk": 8, "fields": {"name": "Can view permission", "content_type": 2, "codename": "view_permission"}}, {"model": "auth.permission", "pk": 9, "fields": {"name": "Can add group", "content_type": 3, "codename": "add_group"}}, {"model": "auth.permission", "pk": 10, "fields": {"name": "Can change group", "content_type": 3, "codename": "change_group"}}, {"model": "auth.permission", "pk": 11, "fields": {"name": "Can delete group", "content_type": 3, "codename": "delete_group"}}, {"model": "auth.permission", "pk": 12, "fields": {"name": "Can view group", "content_type": 3, "codename": "view_group"}}, {"model": "auth.permission", "pk": 13, "fields": {"name": "Can add user", "content_type": 4, "codename": "add_user"}}, {"model": "auth.permission", "pk": 14, "fields": {"name": "Can change user", "content_type": 4, "codename": "change_user"}}, {"model": "auth.permission", "pk": 15, "fields": {"name": "Can delete user", "content_type": 4, "codename": "delete_user"}}, {"model": "auth.permission", "pk": 16, "fields": {"name": "Can view user", "content_type": 4, "codename": "view_user"}}, {"model": "auth.permission", "pk": 17, "fields": {"name": "Can add content type", "content_type": 5, "codename": "add_contenttype"}}, {"model": "auth.permission", "pk": 18, "fields": {"name": "Can change content type", "content_type": 5, "codename": "change_contenttype"}}, {"model": "auth.permission", "pk": 19, "fields": {"name": "Can delete content type", "content_type": 5, "codename": "delete_contenttype"}}, {"model": "auth.permission", "pk": 20, "fields": {"name": "Can view content type", "content_type": 5, "codename": "view_contenttype"}}, {"model": "auth.permission", "pk": 21, "fields": {"name": "Can add session", "content_type": 6, "codename": "add_session"}}, {"model": "auth.permission", "pk": 22, "fields": {"name": "Can change session", "content_type": 6, "codename": "change_session"}}, {"model": "auth.permission", "pk": 23, "fields": {"name": "Can delete session", "content_type": 6, "codename": "delete_session"}}, {"model": "auth.permission", "pk": 24, "fields": {"name": "Can view session", "content_type": 6, "codename": "view_session"}}, {"model": "auth.permission", "pk": 25, "fields": {"name": "Can add todo", "content_type": 7, "codename": "add_todo"}}, {"model": "auth.permission", "pk": 26, "fields": {"name": "Can change todo", "content_type": 7, "codename": "change_todo"}}, {"model": "auth.permission", "pk": 27, "fields": {"name": "Can delete todo", "content_type": 7, "codename": "delete_todo"}}, {"model": "auth.permission", "pk": 28, "fields": {"name": "Can view todo", "content_type": 7, "codename": "view_todo"}}, {"model": "auth.permission", "pk": 29, "fields": {"name": "Can add Token", "content_type": 8, "codename": "add_token"}}, {"model": "auth.permission", "pk": 30, "fields": {"name": "Can change Token", "content_type": 8, "codename": "change_token"}}, {"model": "auth.permission", "pk": 31, "fields": {"name": "Can delete Token", "content_type": 8, "codename": "delete_token"}}, {"model": "auth.permission", "pk": 32, "fields": {"name": "Can view Token", "content_type": 8, "codename": "view_token"}}, {"model": "auth.permission", "pk": 33, "fields": {"name": "Can add cron job log", "content_type": 9, "codename": "add_cronjoblog"}}, {"model": "auth.permission", "pk": 34, "fields": {"name": "Can change cron job log", "content_type": 9, "codename": "change_cronjoblog"}}, {"model": "auth.permission", "pk": 35, "fields": {"name": "Can delete cron job log", "content_type": 9, "codename": "delete_cronjoblog"}}, {"model": "auth.permission", "pk": 36, "fields": {"name": "Can view cron job log", "content_type": 9, "codename": "view_cronjoblog"}}, {"model": "auth.user", "pk": 1, "fields": {"password": "pbkdf2_sha256$180000$xQPi8cTux4VP$AgpTKZiqrB83XyDHJFhalKuuEJZtxZpX+NQKNA2BGuo=", "last_login": "2020-01-16T06:30:38.882Z", "is_superuser": true, "username": "administrator", "first_name": "", "last_name": "", "email": "oakspatrice@gmail.com", "is_staff": true, "is_active": true, "date_joined": "2019-12-28T10:35:17.490Z", "groups": [], "user_permissions": []}}, {"model": "auth.user", "pk": 2, "fields": {"password": "pbkdf2_sha256$180000$sa004vsd4AkC$fuyNR2HrRUjnZQThdxYsQkt1J5+rEHnZf6k97f4KZE0=", "last_login": "2020-01-06T10:45:13.450Z", "is_superuser": true, "username": "leo", "first_name": "", "last_name": "", "email": "", "is_staff": true, "is_active": true, "date_joined": "2020-01-02T22:17:49.407Z", "groups": [], "user_permissions": []}}, {"model": "todos.todo", "pk": 5, "fields": {"title": "Learn CSS", "description": "I need to learn CSS very well", "owner": 1, "email": "no", "sms": "no", "todo_created_date": "2020-02-19T10:12:04.119Z", "todo_due_date": "2020-02-19", "todo_finished_date": null, "todo_status": "Yet to be Completed"}}, {"model": "todos.todo", "pk": 10, "fields": {"title": "Learn jogging", "description": "I need to learn jogging very well", "owner": 2, "email": "no", "sms": "no", "todo_created_date": "2020-02-19T10:12:04.119Z", "todo_due_date": "2020-02-19", "todo_finished_date": null, "todo_status": "Yet to be Completed"}}, {"model": "todos.todo", "pk": 12, "fields": {"title": "Learn praying", "description": "I need to learn pray very well", "owner": null, "email": "no", "sms": "no", "todo_created_date": "2020-02-19T10:12:04.119Z", "todo_due_date": "2020-02-19", "todo_finished_date": null, "todo_status": "Yet to be Completed"}}, {"model": "todos.todo", "pk": 14, "fields": {"title": "Learn 2", "description": "I need to learn 2 very well", "owner": 1, "email": "no", "sms": "no", "todo_created_date": "2020-02-19T10:12:04.119Z", "todo_due_date": "2020-02-19", "todo_finished_date": null, "todo_status": "Yet to be Completed"}}, {"model": "todos.todo", "pk": 17, "fields": {"title": "Learn sass5678", "description": "I need to learn sass5 very well", "owner": 2, "email": "no", "sms": "no", "todo_created_date": "2020-02-19T10:12:04.119Z", "todo_due_date": "2020-02-19", "todo_finished_date": null, "todo_status": "Yet to be Completed"}}, {"model": "todos.todo", "pk": 18, "fields": {"title": "Learn stupid", "description": "I need to learn stupid very well", "owner": 2, "email": "no", "sms": "no", "todo_created_date": "2020-02-19T10:12:04.119Z", "todo_due_date": "2020-02-19", "todo_finished_date": null, "todo_status": "Completed"}}, {"model": "todos.todo", "pk": 20, "fields": {"title": "Learn jargons", "description": "I need to learn jargons very well", "owner": 1, "email": "no", "sms": "no", "todo_created_date": "2020-02-19T10:12:04.119Z", "todo_due_date": "2020-02-19", "todo_finished_date": null, "todo_status": "Yet to be Completed"}}, {"model": "todos.todo", "pk": 21, "fields": {"title": "Learn nass", "description": "I need to learn nass very well", "owner": 2, "email": "no", "sms": "no", "todo_created_date": "2020-02-19T10:12:04.119Z", "todo_due_date": "2020-02-19", "todo_finished_date": null, "todo_status": "Yet to be Completed"}}, {"model": "todos.todo", "pk": 24, "fields": {"title": "Learn kass", "description": "I need to learn kass very well", "owner": 1, "email": "no", "sms": "no", "todo_created_date": "2020-02-19T10:12:04.119Z", "todo_due_date": "2020-02-19", "todo_finished_date": null, "todo_status": "Yet to be Completed"}}, {"model": "todos.todo", "pk": 25, "fields": {"title": "7iukgh55555555", "description": "uykuyku355555555555ui7u", "owner": 2, "email": "no", "sms": "no", "todo_created_date": "2020-02-19T10:12:04.119Z", "todo_due_date": "2020-02-19", "todo_finished_date": null, "todo_status": "Yet to be Completed"}}, {"model": "todos.todo", "pk": 26, "fields": {"title": "1222222222222", "description": "1222222222", "owner": 1, "email": "no", "sms": "no", "todo_created_date": "2020-02-19T10:12:04.119Z", "todo_due_date": "2020-02-19", "todo_finished_date": null, "todo_status": "Yet to be Completed"}}, {"model": "todos.todo", "pk": 28, "fields": {"title": "1", "description": "1", "owner": 1, "email": "no", "sms": "no", "todo_created_date": "2020-02-19T10:12:04.119Z", "todo_due_date": "2020-02-19", "todo_finished_date": null, "todo_status": "Yet to be Completed"}}, {"model": "todos.todo", "pk": 29, "fields": {"title": "1", "description": "1", "owner": null, "email": "no", "sms": "no", "todo_created_date": "2020-02-19T10:12:04.119Z", "todo_due_date": "2020-02-19", "todo_finished_date": null, "todo_status": "Yet to be Completed"}}, {"model": "todos.todo", "pk": 30, "fields": {"title": "2", "description": "2", "owner": 2, "email": "no", "sms": "no", "todo_created_date": "2020-02-19T10:12:04.119Z", "todo_due_date": "2020-02-19", "todo_finished_date": null, "todo_status": "Yet to be Completed"}}, {"model": "todos.todo", "pk": 37, "fields": {"title": "1", "description": "1", "owner": 1, "email": "no", "sms": "no", "todo_created_date": "2020-02-19T10:12:04.119Z", "todo_due_date": "2020-02-19", "todo_finished_date": null, "todo_status": "Yet to be Completed"}}, {"model": "todos.todo", "pk": 39, "fields": {"title": "1", "description": "1", "owner": null, "email": "no", "sms": "no", "todo_created_date": "2020-02-19T10:12:04.119Z", "todo_due_date": "2020-02-19", "todo_finished_date": null, "todo_status": "Yet to be Completed"}}, {"model": "todos.todo", "pk": 41, "fields": {"title": "1", "description": "1", "owner": null, "email": "no", "sms": "no", "todo_created_date": "2020-02-19T10:12:04.119Z", "todo_due_date": "2020-02-19", "todo_finished_date": null, "todo_status": "Yet to be Completed"}}, {"model": "todos.todo", "pk": 43, "fields": {"title": "1", "description": "1", "owner": 1, "email": "no", "sms": "no", "todo_created_date": "2020-02-19T10:12:04.119Z", "todo_due_date": "2020-02-19", "todo_finished_date": null, "todo_status": "Yet to be Completed"}}, {"model": "todos.todo", "pk": 44, "fields": {"title": "1", "description": "1", "owner": 1, "email": "no", "sms": "no", "todo_created_date": "2020-02-19T10:12:04.119Z", "todo_due_date": "2020-02-19", "todo_finished_date": null, "todo_status": "Yet to be Completed"}}, {"model": "todos.todo", "pk": 45, "fields": {"title": "10", "description": "10", "owner": null, "email": "no", "sms": "no", "todo_created_date": "2020-02-19T10:12:04.119Z", "todo_due_date": "2020-02-19", "todo_finished_date": null, "todo_status": "Yet to be Completed"}}, {"model": "todos.todo", "pk": 46, "fields": {"title": "1hthththththt", "description": "1 grhtyjhytjhtyjhyt", "owner": 1, "email": "no", "sms": "no", "todo_created_date": "2020-02-19T10:12:04.119Z", "todo_due_date": "2020-02-19", "todo_finished_date": null, "todo_status": "Yet to be Completed"}}, {"model": "todos.todo", "pk": 47, "fields": {"title": "10", "description": "10", "owner": 1, "email": "no", "sms": "no", "todo_created_date": "2020-02-19T10:12:04.119Z", "todo_due_date": "2020-02-19", "todo_finished_date": null, "todo_status": "Yet to be Completed"}}, {"model": "todos.todo", "pk": 50, "fields": {"title": "hello", "description": "i am a new tod", "owner": null, "email": "no", "sms": "no", "todo_created_date": "2020-02-19T10:12:04.119Z", "todo_due_date": "2020-02-19", "todo_finished_date": null, "todo_status": "Yet to be Completed"}}, {"model": "todos.todo", "pk": 51, "fields": {"title": "7iuk", "description": "uykuyku", "owner": 1, "email": "no", "sms": "no", "todo_created_date": "2020-02-19T10:12:04.119Z", "todo_due_date": "2020-02-19", "todo_finished_date": null, "todo_status": "Yet to be Completed"}}, {"model": "todos.todo", "pk": 52, "fields": {"title": "7iukgh55555555", "description": "uykuyku3555555555557i7", "owner": 2, "email": "no", "sms": "no", "todo_created_date": "2020-02-19T10:12:04.119Z", "todo_due_date": "2020-02-19", "todo_finished_date": null, "todo_status": "Yet to be Completed"}}, {"model": "todos.todo", "pk": 53, "fields": {"title": "111111113333333", "description": "111111111111333333333333", "owner": null, "email": "no", "sms": "no", "todo_created_date": "2020-02-19T10:12:04.119Z", "todo_due_date": "2020-02-19", "todo_finished_date": null, "todo_status": "Yet to be Completed"}}, {"model": "todos.todo", "pk": 55, "fields": {"title": "tyjhthth1111", "description": "thrhrhr1111", "owner": 1, "email": "no", "sms": "no", "todo_created_date": "2020-02-19T10:12:04.119Z", "todo_due_date": "2020-02-19", "todo_finished_date": null, "todo_status": "Yet to be Completed"}}, {"model": "todos.todo", "pk": 56, "fields": {"title": "yhjgyjt", "description": "ghjgyjgjg", "owner": null, "email": "no", "sms": "no", "todo_created_date": "2020-02-19T10:12:04.119Z", "todo_due_date": "2020-02-19", "todo_finished_date": null, "todo_status": "Yet to be Completed"}}, {"model": "todos.todo", "pk": 57, "fields": {"title": "111111111111", "description": "11111111111111111", "owner": 1, "email": "no", "sms": "no", "todo_created_date": "2020-02-19T10:12:04.119Z", "todo_due_date": "2020-02-19", "todo_finished_date": null, "todo_status": "Yet to be Completed"}}, {"model": "todos.todo", "pk": 59, "fields": {"title": "55555555555", "description": "55555555555555", "owner": null, "email": "no", "sms": "no", "todo_created_date": "2020-02-19T10:12:04.119Z", "todo_due_date": "2020-02-19", "todo_finished_date": null, "todo_status": "Yet to be Completed"}}, {"model": "todos.todo", "pk": 60, "fields": {"title": "eeeeeeee", "description": "eeeeeeeeeeeee", "owner": 1, "email": "no", "sms": "no", "todo_created_date": "2020-02-19T10:12:04.119Z", "todo_due_date": "2020-02-19", "todo_finished_date": null, "todo_status": "Yet to be Completed"}}, {"model": "todos.todo", "pk": 61, "fields": {"title": "Meandco Home", "description": "qqqqqqqqqqqqqqqqqqqqq", "owner": null, "email": "no", "sms": "no", "todo_created_date": "2020-02-19T10:12:04.119Z", "todo_due_date": "2020-02-19", "todo_finished_date": null, "todo_status": "Yet to be Completed"}}, {"model": "todos.todo", "pk": 62, "fields": {"title": "zzzzzzzzzzzz", "description": "zzzzzzzzzzzzzzzzz", "owner": 1, "email": "no", "sms": "no", "todo_created_date": "2020-02-19T10:12:04.119Z", "todo_due_date": "2020-02-19", "todo_finished_date": null, "todo_status": "Yet to be Completed"}}, {"model": "todos.todo", "pk": 63, "fields": {"title": "zzzzzzzzzzzz", "description": "zzzzzzzzzzzzzzzzz", "owner": null, "email": "no", "sms": "no", "todo_created_date": "2020-02-19T10:12:04.119Z", "todo_due_date": "2020-02-19", "todo_finished_date": null, "todo_status": "Yet to be Completed"}}, {"model": "todos.todo", "pk": 64, "fields": {"title": "Meandco Home", "description": "qqqqqqqqqqqqqqqqqqqqq", "owner": 1, "email": "no", "sms": "no", "todo_created_date": "2020-02-19T10:12:04.119Z", "todo_due_date": "2020-02-19", "todo_finished_date": null, "todo_status": "Yet to be Completed"}}, {"model": "todos.todo", "pk": 65, "fields": {"title": "zzzzzzzzzzzz", "description": "zzzzzzzzzzzzzzzzz", "owner": null, "email": "no", "sms": "no", "todo_created_date": "2020-02-19T10:12:04.119Z", "todo_due_date": "2020-02-19", "todo_finished_date": null, "todo_status": "Yet to be Completed"}}, {"model": "todos.todo", "pk": 66, "fields": {"title": "zzzzzzzzzzzz", "description": "zzzzzzzzzzzzzzzzz", "owner": 1, "email": "no", "sms": "no", "todo_created_date": "2020-02-19T10:12:04.119Z", "todo_due_date": "2020-02-19", "todo_finished_date": null, "todo_status": "Yet to be Completed"}}, {"model": "todos.todo", "pk": 69, "fields": {"title": "64uyt65tt", "description": "trhrtjtyjtyjyy", "owner": null, "email": "no", "sms": "no", "todo_created_date": "2020-02-19T10:12:04.119Z", "todo_due_date": "2020-02-19", "todo_finished_date": null, "todo_status": "Yet to be Completed"}}, {"model": "todos.todo", "pk": 70, "fields": {"title": "hhdghhgh", "description": "jhukltuoti", "owner": 2, "email": "no", "sms": "no", "todo_created_date": "2020-02-19T10:12:04.119Z", "todo_due_date": "2020-02-19", "todo_finished_date": null, "todo_status": "Yet to be Completed"}}, {"model": "todos.todo", "pk": 71, "fields": {"title": "tyjhjhg", "description": "ghjghjh", "owner": null, "email": "no", "sms": "no", "todo_created_date": "2020-02-19T10:12:04.119Z", "todo_due_date": "2020-02-19", "todo_finished_date": null, "todo_status": "Yet to be Completed"}}, {"model": "todos.todo", "pk": 72, "fields": {"title": "jhhmhgmh", "description": "ghmhghmhmh", "owner": 2, "email": "no", "sms": "no", "todo_created_date": "2020-02-19T10:12:04.119Z", "todo_due_date": "2020-02-19", "todo_finished_date": null, "todo_status": "Yet to be Completed"}}, {"model": "todos.todo", "pk": 73, "fields": {"title": "jhhmhgmh", "description": "ghmhghmhmh", "owner": 2, "email": "no", "sms": "no", "todo_created_date": "2020-02-19T10:12:04.119Z", "todo_due_date": "2020-02-19", "todo_finished_date": null, "todo_status": "Yet to be Completed"}}, {"model": "todos.todo", "pk": 74, "fields": {"title": "jhhmhgmh", "description": "ghmhghmhmh", "owner": null, "email": "no", "sms": "no", "todo_created_date": "2020-02-19T10:12:04.119Z", "todo_due_date": "2020-02-19", "todo_finished_date": null, "todo_status": "Yet to be Completed"}}, {"model": "todos.todo", "pk": 75, "fields": {"title": "jhhmhgmh", "description": "ghmhghmhmh", "owner": 2, "email": "no", "sms": "no", "todo_created_date": "2020-02-19T10:12:04.119Z", "todo_due_date": "2020-02-19", "todo_finished_date": null, "todo_status": "Yet to be Completed"}}, {"model": "todos.todo", "pk": 76, "fields": {"title": "hhdghhgh", "description": "jhukltuoti", "owner": null, "email": "no", "sms": "no", "todo_created_date": "2020-02-19T10:12:04.119Z", "todo_due_date": "2020-02-19", "todo_finished_date": null, "todo_status": "Yet to be Completed"}}, {"model": "todos.todo", "pk": 77, "fields": {"title": "jhhmhgmh", "description": "ghmhghmhmh", "owner": 2, "email": "no", "sms": "no", "todo_created_date": "2020-02-19T10:12:04.119Z", "todo_due_date": "2020-02-19", "todo_finished_date": null, "todo_status": "Yet to be Completed"}}, {"model": "todos.todo", "pk": 78, "fields": {"title": "jhhmhgmh", "description": "ghmhghmhmh", "owner": null, "email": "no", "sms": "no", "todo_created_date": "2020-02-19T10:12:04.119Z", "todo_due_date": "2020-02-19", "todo_finished_date": null, "todo_status": "Yet to be Completed"}}, {"model": "todos.todo", "pk": 79, "fields": {"title": "eeeeeee", "description": "eeeeeeeeeeeeee", "owner": 2, "email": "no", "sms": "no", "todo_created_date": "2020-02-19T10:12:04.119Z", "todo_due_date": "2020-02-19", "todo_finished_date": null, "todo_status": "Yet to be Completed"}}, {"model": "todos.todo", "pk": 80, "fields": {"title": "99999999999999", "description": "999999999999999", "owner": 2, "email": "monthly", "sms": "monthly", "todo_created_date": "2020-02-19T10:20:44.227Z", "todo_due_date": "2020-02-29", "todo_finished_date": null, "todo_status": "Yet to be Completed"}}, {"model": "authtoken.token", "pk": "68ccbb7deb91571cd4aa63a42cfe412e4a5f7dec", "fields": {"user": 2, "created": "2020-01-06T11:01:13.806Z"}}, {"model": "authtoken.token", "pk": "69fgrfgtyjttuyktyjutyjthreyhryhehrtjrthe4wteter", "fields": {"user": 1, "created": "2020-01-06T11:01:13.806Z"}}, {"model": "admin.logentry", "pk": 1, "fields": {"action_time": "2019-12-28T10:36:26.280Z", "user": 1, "content_type": 7, "object_id": "1", "object_repr": "Learn Python", "action_flag": 1, "change_message": "[{\"added\": {}}]"}}, {"model": "admin.logentry", "pk": 2, "fields": {"action_time": "2019-12-28T10:36:58.750Z", "user": 1, "content_type": 7, "object_id": "2", "object_repr": "Learn Django", "action_flag": 1, "change_message": "[{\"added\": {}}]"}}, {"model": "admin.logentry", "pk": 3, "fields": {"action_time": "2019-12-28T10:37:34.600Z", "user": 1, "content_type": 7, "object_id": "3", "object_repr": "Learn React", "action_flag": 1, "change_message": "[{\"added\": {}}]"}}, {"model": "admin.logentry", "pk": 4, "fields": {"action_time": "2020-01-02T22:17:50.015Z", "user": 1, "content_type": 4, "object_id": "2", "object_repr": "leo", "action_flag": 1, "change_message": "[{\"added\": {}}]"}}, {"model": "admin.logentry", "pk": 5, "fields": {"action_time": "2020-01-02T22:23:41.289Z", "user": 2, "content_type": 7, "object_id": "6", "object_repr": "Learn french", "action_flag": 1, "change_message": "[{\"added\": {}}]"}}, {"model": "admin.logentry", "pk": 6, "fields": {"action_time": "2020-01-02T22:24:13.361Z", "user": 2, "content_type": 7, "object_id": "7", "object_repr": "Find jobs", "action_flag": 1, "change_message": "[{\"added\": {}}]"}}, {"model": "admin.logentry", "pk": 7, "fields": {"action_time": "2020-01-03T09:15:36.424Z", "user": 2, "content_type": 7, "object_id": "15", "object_repr": "learn4", "action_flag": 1, "change_message": "[{\"added\": {}}]"}}]